funkcja,wymiar,czas,numer_testu
dot,657,1.3e-6,1
matrix_vector_mult,657,0.0004457,51
dot,657,6.0e-7,1
matrix_vector_mult,657,0.0004114,51
dot,657,5.0e-7,1
matrix_vector_mult,657,0.000423101,51
dot,657,6.0e-7,1
matrix_vector_mult,657,0.000435599,51
dot,657,8.0e-7,1
matrix_vector_mult,657,0.0004037,51
dot,657,6.0e-7,1
matrix_vector_mult,657,0.0004262,51
dot,657,6.0e-7,1
matrix_vector_mult,657,0.0004529,51
dot,657,4.99e-7,1
matrix_vector_mult,657,0.0004041,51
dot,657,5.0e-7,1
matrix_vector_mult,657,0.0004186,51
dot,657,4.01e-7,1
matrix_vector_mult,657,0.000389199,51
dot,632,6.01e-7,2
matrix_vector_mult,632,0.000421,52
dot,632,5.0e-7,2
matrix_vector_mult,632,0.0003731,52
dot,632,2.1e-6,2
matrix_vector_mult,632,0.000404899,52
dot,632,5.0e-7,2
matrix_vector_mult,632,0.000375,52
dot,632,4.99e-7,2
matrix_vector_mult,632,0.0004358,52
dot,632,6.0e-7,2
matrix_vector_mult,632,0.0003832,52
dot,632,5.0e-7,2
matrix_vector_mult,632,0.0003721,52
dot,632,7.0e-7,2
matrix_vector_mult,632,0.0003751,52
dot,632,3.0e-7,2
matrix_vector_mult,632,0.000383599,52
dot,632,7.0e-7,2
matrix_vector_mult,632,0.0004722,52
dot,53,4.01e-7,3
matrix_vector_mult,53,1.2e-6,53
dot,53,1.0e-7,3
matrix_vector_mult,53,7.0e-7,53
dot,53,1.0e-7,3
matrix_vector_mult,53,5.0e-7,53
dot,53,1.01e-7,3
matrix_vector_mult,53,6.0e-7,53
dot,53,1.0e-7,3
matrix_vector_mult,53,8.99e-7,53
dot,53,9.9e-8,3
matrix_vector_mult,53,8.0e-7,53
dot,53,0.0,3
matrix_vector_mult,53,5.0e-7,53
dot,53,9.9e-8,3
matrix_vector_mult,53,6.0e-7,53
dot,53,1.01e-7,3
matrix_vector_mult,53,7.0e-7,53
dot,53,0.0,3
matrix_vector_mult,53,7.0e-7,53
dot,831,4.0e-7,4
matrix_vector_mult,831,0.0006743,54
dot,831,6.99e-7,4
matrix_vector_mult,831,0.000579601,54
dot,831,4.0e-7,4
matrix_vector_mult,831,0.000677501,54
dot,831,7.0e-7,4
matrix_vector_mult,831,0.0006102,54
dot,831,2.0e-6,4
matrix_vector_mult,831,0.000705601,54
dot,831,4.0e-7,4
matrix_vector_mult,831,0.0006041,54
dot,831,4.0e-7,4
matrix_vector_mult,831,0.0006376,54
dot,831,7.0e-7,4
matrix_vector_mult,831,0.0006108,54
dot,831,5.0e-7,4
matrix_vector_mult,831,0.0006957,54
dot,831,7.0e-7,4
matrix_vector_mult,831,0.00068,54
dot,62,3.99e-7,5
matrix_vector_mult,62,1.3e-6,55
dot,62,0.0,5
matrix_vector_mult,62,8.0e-7,55
dot,62,0.0,5
matrix_vector_mult,62,8.0e-7,55
dot,62,1.0e-7,5
matrix_vector_mult,62,7.0e-7,55
dot,62,0.0,5
matrix_vector_mult,62,1.1e-6,55
dot,62,1.0e-7,5
matrix_vector_mult,62,8.01e-7,55
dot,62,0.0,5
matrix_vector_mult,62,7.0e-7,55
dot,62,1.01e-7,5
matrix_vector_mult,62,6.0e-7,55
dot,62,9.9e-8,5
matrix_vector_mult,62,6.0e-7,55
dot,62,0.0,5
matrix_vector_mult,62,1.201e-6,55
dot,746,1.99e-7,6
matrix_vector_mult,746,0.000537399,56
dot,746,5.01e-7,6
matrix_vector_mult,746,0.0005258,56
dot,746,8.0e-7,6
matrix_vector_mult,746,0.0005087,56
dot,746,6.5e-6,6
matrix_vector_mult,746,0.000641701,56
dot,746,6.0e-7,6
matrix_vector_mult,746,0.000492001,56
dot,746,7.0e-7,6
matrix_vector_mult,746,0.000625899,56
dot,746,6.99e-7,6
matrix_vector_mult,746,0.0005088,56
dot,746,7.0e-7,6
matrix_vector_mult,746,0.0004961,56
dot,746,8.0e-7,6
matrix_vector_mult,746,0.0005179,56
dot,746,1.201e-6,6
matrix_vector_mult,746,0.000507,56
dot,881,8.99e-7,7
matrix_vector_mult,881,0.000678401,57
dot,881,7.0e-7,7
matrix_vector_mult,881,0.000671499,57
dot,881,5.0e-7,7
matrix_vector_mult,881,0.0007063,57
dot,881,2.2e-6,7
matrix_vector_mult,881,0.0010006,57
dot,881,9.0e-7,7
matrix_vector_mult,881,0.000669201,57
dot,881,6.0e-7,7
matrix_vector_mult,881,0.0006899,57
dot,881,6.0e-7,7
matrix_vector_mult,881,0.0006713,57
dot,881,8.0e-7,7
matrix_vector_mult,881,0.0007829,57
dot,881,1.1e-6,7
matrix_vector_mult,881,0.000648301,57
dot,881,7.0e-7,7
matrix_vector_mult,881,0.0008024,57
dot,355,6.0e-7,8
matrix_vector_mult,355,0.000362,58
dot,355,5.0e-7,8
matrix_vector_mult,355,0.0002596,58
dot,355,4.01e-7,8
matrix_vector_mult,355,0.000312899,58
dot,355,3.99e-7,8
matrix_vector_mult,355,0.0003214,58
dot,355,3.99e-7,8
matrix_vector_mult,355,0.0003457,58
dot,355,4.0e-7,8
matrix_vector_mult,355,0.0002779,58
dot,355,4.0e-7,8
matrix_vector_mult,355,0.0002547,58
dot,355,4.0e-7,8
matrix_vector_mult,355,0.000292301,58
dot,355,1.6e-6,8
matrix_vector_mult,355,0.0002895,58
dot,355,4.0e-7,8
matrix_vector_mult,355,0.0002578,58
dot,876,6.0e-7,9
matrix_vector_mult,876,0.000743901,59
dot,876,8.0e-7,9
matrix_vector_mult,876,0.000663,59
dot,876,4.0e-7,9
matrix_vector_mult,876,0.0006899,59
dot,876,9.99e-7,9
matrix_vector_mult,876,0.0006876,59
dot,876,9.0e-7,9
matrix_vector_mult,876,0.0006723,59
dot,876,4.99e-7,9
matrix_vector_mult,876,0.000730701,59
dot,876,1.6e-6,9
matrix_vector_mult,876,0.000778999,59
dot,876,1.699e-6,9
matrix_vector_mult,876,0.0008044,59
dot,876,7.0e-7,9
matrix_vector_mult,876,0.0006935,59
dot,876,1.1e-6,9
matrix_vector_mult,876,0.0006578,59
dot,755,8.0e-7,10
matrix_vector_mult,755,0.0005127,60
dot,755,1.1e-6,10
matrix_vector_mult,755,0.0005724,60
dot,755,6.0e-7,10
matrix_vector_mult,755,0.0004955,60
dot,755,7.0e-7,10
matrix_vector_mult,755,0.000518,60
dot,755,9.01e-7,10
matrix_vector_mult,755,0.000598,60
dot,755,9.0e-7,10
matrix_vector_mult,755,0.0005574,60
dot,755,4.0e-7,10
matrix_vector_mult,755,0.000548699,60
dot,755,2.8e-6,10
matrix_vector_mult,755,0.0008071,60
dot,755,1.701e-6,10
matrix_vector_mult,755,0.0006714,60
dot,755,1.0e-6,10
matrix_vector_mult,755,0.0005582,60
dot,42,3.0e-7,11
matrix_vector_mult,42,9.0e-7,61
dot,42,1.0e-7,11
matrix_vector_mult,42,6.0e-7,61
dot,42,9.9e-8,11
matrix_vector_mult,42,5.0e-7,61
dot,42,1.0e-7,11
matrix_vector_mult,42,4.0e-7,61
dot,42,0.0,11
matrix_vector_mult,42,4.0e-7,61
dot,42,1.01e-7,11
matrix_vector_mult,42,4.0e-7,61
dot,42,0.0,11
matrix_vector_mult,42,4.0e-7,61
dot,42,1.01e-7,11
matrix_vector_mult,42,5.01e-7,61
dot,42,1.0e-7,11
matrix_vector_mult,42,4.0e-7,61
dot,42,0.0,11
matrix_vector_mult,42,3.0e-7,61
dot,373,1.0e-7,12
matrix_vector_mult,373,0.000349301,62
dot,373,3.99e-7,12
matrix_vector_mult,373,0.0003055,62
dot,373,4.0e-7,12
matrix_vector_mult,373,0.000325699,62
dot,373,4.0e-7,12
matrix_vector_mult,373,0.000270501,62
dot,373,4.0e-7,12
matrix_vector_mult,373,0.0002988,62
dot,373,4.01e-7,12
matrix_vector_mult,373,0.0003144,62
dot,373,4.01e-7,12
matrix_vector_mult,373,0.0002852,62
dot,373,5.0e-7,12
matrix_vector_mult,373,0.000274,62
dot,373,4.01e-7,12
matrix_vector_mult,373,0.000304599,62
dot,373,3.99e-7,12
matrix_vector_mult,373,0.000283,62
dot,489,5.01e-7,13
matrix_vector_mult,489,0.000272401,63
dot,489,4.99e-7,13
matrix_vector_mult,489,0.0003428,63
dot,489,5.0e-7,13
matrix_vector_mult,489,0.000276799,63
dot,489,5.01e-7,13
matrix_vector_mult,489,0.0002537,63
dot,489,4.01e-7,13
matrix_vector_mult,489,0.000287599,63
dot,489,5.99e-7,13
matrix_vector_mult,489,0.0002745,63
dot,489,4.0e-7,13
matrix_vector_mult,489,0.0002796,63
dot,489,5.0e-7,13
matrix_vector_mult,489,0.000225199,63
dot,489,5.01e-7,13
matrix_vector_mult,489,0.0002627,63
dot,489,5.01e-7,13
matrix_vector_mult,489,0.0002828,63
dot,70,4.0e-7,14
matrix_vector_mult,70,1.3e-6,64
dot,70,2.0e-7,14
matrix_vector_mult,70,1.1e-6,64
dot,70,0.0,14
matrix_vector_mult,70,1.6e-6,64
dot,70,9.9e-8,14
matrix_vector_mult,70,9.0e-7,64
dot,70,1.0e-7,14
matrix_vector_mult,70,1.1e-6,64
dot,70,9.9e-8,14
matrix_vector_mult,70,1.201e-6,64
dot,70,0.0,14
matrix_vector_mult,70,7.99e-7,64
dot,70,1.0e-7,14
matrix_vector_mult,70,1.201e-6,64
dot,70,0.0,14
matrix_vector_mult,70,1.2e-6,64
dot,70,0.0,14
matrix_vector_mult,70,1.099e-6,64
dot,790,2.0e-7,15
matrix_vector_mult,790,0.0005413,65
dot,790,2.6e-6,15
matrix_vector_mult,790,0.000717101,65
dot,790,1.0e-6,15
matrix_vector_mult,790,0.0005403,65
dot,790,8.01e-7,15
matrix_vector_mult,790,0.0006355,65
dot,790,5.0e-7,15
matrix_vector_mult,790,0.0006581,65
dot,790,6.01e-7,15
matrix_vector_mult,790,0.000617301,65
dot,790,5.99e-7,15
matrix_vector_mult,790,0.000562601,65
dot,790,5.0e-7,15
matrix_vector_mult,790,0.000570899,65
dot,790,9.0e-7,15
matrix_vector_mult,790,0.000627099,65
dot,790,6.0e-7,15
matrix_vector_mult,790,0.000588699,65
dot,985,5.499e-6,16
matrix_vector_mult,985,0.000980301,66
dot,985,7.0e-7,16
matrix_vector_mult,985,0.0008681,66
dot,985,2.399e-6,16
matrix_vector_mult,985,0.000862699,66
dot,985,7.99e-7,16
matrix_vector_mult,985,0.0008487,66
dot,985,1.5e-6,16
matrix_vector_mult,985,0.0009168,66
dot,985,1.3e-6,16
matrix_vector_mult,985,0.0009131,66
dot,985,2.199e-6,16
matrix_vector_mult,985,0.0013652,66
dot,985,4.5e-6,16
matrix_vector_mult,985,0.001547401,66
dot,985,1.201e-6,16
matrix_vector_mult,985,0.0008991,66
dot,985,9.0e-7,16
matrix_vector_mult,985,0.000827501,66
dot,322,4.0e-7,17
matrix_vector_mult,322,0.0002677,67
dot,322,3.0e-7,17
matrix_vector_mult,322,0.000295301,67
dot,322,4.0e-7,17
matrix_vector_mult,322,0.0003155,67
dot,322,3.99e-7,17
matrix_vector_mult,322,0.0002855,67
dot,322,3.0e-7,17
matrix_vector_mult,322,0.000406101,67
dot,322,8.0e-7,17
matrix_vector_mult,322,0.0001899,67
dot,322,7.0e-7,17
matrix_vector_mult,322,0.0002371,67
dot,322,5.99e-7,17
matrix_vector_mult,322,0.000429301,67
dot,322,4.0e-7,17
matrix_vector_mult,322,0.0002906,67
dot,322,3.0e-7,17
matrix_vector_mult,322,0.000276401,67
dot,990,8.0e-7,18
matrix_vector_mult,990,0.0007917,68
dot,990,2.7e-6,18
matrix_vector_mult,990,0.001061,68
dot,990,9.0e-7,18
matrix_vector_mult,990,0.000792499,68
dot,990,5.01e-7,18
matrix_vector_mult,990,0.000828899,68
dot,990,6.0e-7,18
matrix_vector_mult,990,0.0008267,68
dot,990,5.99e-7,18
matrix_vector_mult,990,0.0008497,68
dot,990,7.0e-7,18
matrix_vector_mult,990,0.0008833,68
dot,990,1.401e-6,18
matrix_vector_mult,990,0.001086701,68
dot,990,9.0e-7,18
matrix_vector_mult,990,0.0007878,68
dot,990,4.0e-7,18
matrix_vector_mult,990,0.0007925,68
dot,446,5.01e-7,19
matrix_vector_mult,446,0.000324401,69
dot,446,3.99e-7,19
matrix_vector_mult,446,0.0003184,69
dot,446,4.0e-7,19
matrix_vector_mult,446,0.0003261,69
dot,446,5.0e-7,19
matrix_vector_mult,446,0.0003355,69
dot,446,4.01e-7,19
matrix_vector_mult,446,0.0002151,69
dot,446,3.99e-7,19
matrix_vector_mult,446,0.0002679,69
dot,446,4.0e-7,19
matrix_vector_mult,446,0.000315399,69
dot,446,4.99e-7,19
matrix_vector_mult,446,0.000329,69
dot,446,5.0e-7,19
matrix_vector_mult,446,0.000329401,69
dot,446,4.0e-7,19
matrix_vector_mult,446,0.000301299,69
dot,136,5.0e-7,20
matrix_vector_mult,136,0.000342799,70
dot,136,3.0e-7,20
matrix_vector_mult,136,0.000248301,70
dot,136,4.0e-7,20
matrix_vector_mult,136,0.0004708,70
dot,136,5.0e-7,20
matrix_vector_mult,136,0.0004176,70
dot,136,3.0e-7,20
matrix_vector_mult,136,0.0003134,70
dot,136,3.0e-7,20
matrix_vector_mult,136,0.0001526,70
dot,136,3.0e-7,20
matrix_vector_mult,136,0.000132301,70
dot,136,3.01e-7,20
matrix_vector_mult,136,0.0001103,70
dot,136,3.0e-7,20
matrix_vector_mult,136,0.0001027,70
dot,136,3.0e-7,20
matrix_vector_mult,136,0.0001026,70
dot,810,4.0e-7,21
matrix_vector_mult,810,0.000590899,71
dot,810,5.0e-7,21
matrix_vector_mult,810,0.000582799,71
dot,810,1.6e-6,21
matrix_vector_mult,810,0.0007399,71
dot,810,5.01e-7,21
matrix_vector_mult,810,0.000616799,71
dot,810,7.0e-7,21
matrix_vector_mult,810,0.0005797,71
dot,810,4.0e-7,21
matrix_vector_mult,810,0.0005789,71
dot,810,3.0e-7,21
matrix_vector_mult,810,0.0005881,71
dot,810,8.0e-7,21
matrix_vector_mult,810,0.0006049,71
dot,810,4.99e-7,21
matrix_vector_mult,810,0.0005872,71
dot,810,6.0e-7,21
matrix_vector_mult,810,0.000555801,71
dot,711,6.0e-7,22
matrix_vector_mult,711,0.0005197,72
dot,711,9.0e-7,22
matrix_vector_mult,711,0.000447,72
dot,711,1.7e-6,22
matrix_vector_mult,711,0.0005256,72
dot,711,8.0e-7,22
matrix_vector_mult,711,0.0005373,72
dot,711,9.0e-7,22
matrix_vector_mult,711,0.000508601,72
dot,711,4.01e-7,22
matrix_vector_mult,711,0.000459999,72
dot,711,6.01e-7,22
matrix_vector_mult,711,0.000457499,72
dot,711,1.0e-6,22
matrix_vector_mult,711,0.0004532,72
dot,711,7.0e-7,22
matrix_vector_mult,711,0.000431,72
dot,711,7.01e-7,22
matrix_vector_mult,711,0.000445299,72
dot,123,3.0e-7,23
matrix_vector_mult,123,0.0003213,73
dot,123,2.99e-7,23
matrix_vector_mult,123,0.0003263,73
dot,123,3.0e-7,23
matrix_vector_mult,123,0.0003372,73
dot,123,3.99e-7,23
matrix_vector_mult,123,0.000310099,73
dot,123,3.0e-7,23
matrix_vector_mult,123,0.0002989,73
dot,123,3.0e-7,23
matrix_vector_mult,123,7.6e-5,73
dot,123,3.0e-7,23
matrix_vector_mult,123,7.58e-5,73
dot,123,4.0e-7,23
matrix_vector_mult,123,0.000182399,73
dot,123,3.0e-7,23
matrix_vector_mult,123,0.0001457,73
dot,123,3.01e-7,23
matrix_vector_mult,123,0.0001704,73
dot,591,3.99e-7,24
matrix_vector_mult,591,0.0003087,74
dot,591,3.99e-7,24
matrix_vector_mult,591,0.000326799,74
dot,591,5.01e-7,24
matrix_vector_mult,591,0.0003622,74
dot,591,3.0e-7,24
matrix_vector_mult,591,0.000332701,74
dot,591,5.01e-7,24
matrix_vector_mult,591,0.000322,74
dot,591,1.5e-6,24
matrix_vector_mult,591,0.0004256,74
dot,591,3.99e-7,24
matrix_vector_mult,591,0.000376101,74
dot,591,5.01e-7,24
matrix_vector_mult,591,0.0003616,74
dot,591,5.0e-7,24
matrix_vector_mult,591,0.0003727,74
dot,591,6.0e-7,24
matrix_vector_mult,591,0.0003575,74
dot,64,4.0e-7,25
matrix_vector_mult,64,1.399e-6,75
dot,64,1.0e-7,25
matrix_vector_mult,64,7.0e-7,75
dot,64,1.0e-7,25
matrix_vector_mult,64,7.0e-7,75
dot,64,0.0,25
matrix_vector_mult,64,6.0e-7,75
dot,64,0.0,25
matrix_vector_mult,64,7.0e-7,75
dot,64,0.0,25
matrix_vector_mult,64,6.0e-7,75
dot,64,1.01e-7,25
matrix_vector_mult,64,6.99e-7,75
dot,64,1.01e-7,25
matrix_vector_mult,64,5.99e-7,75
dot,64,0.0,25
matrix_vector_mult,64,9.0e-7,75
dot,64,9.9e-8,25
matrix_vector_mult,64,8.0e-7,75
dot,160,1.0e-7,26
matrix_vector_mult,160,0.0002281,76
dot,160,4.0e-7,26
matrix_vector_mult,160,0.0002569,76
dot,160,4.0e-7,26
matrix_vector_mult,160,0.000194201,76
dot,160,4.0e-7,26
matrix_vector_mult,160,7.52e-5,76
dot,160,4.0e-7,26
matrix_vector_mult,160,0.0001279,76
dot,160,3.01e-7,26
matrix_vector_mult,160,0.0001253,76
dot,160,3.99e-7,26
matrix_vector_mult,160,0.000188099,76
dot,160,4.0e-7,26
matrix_vector_mult,160,0.000243799,76
dot,160,4.0e-7,26
matrix_vector_mult,160,0.000204199,76
dot,160,2.99e-7,26
matrix_vector_mult,160,0.0001605,76
dot,936,4.0e-7,27
matrix_vector_mult,936,0.0008929,77
dot,936,1.1e-6,27
matrix_vector_mult,936,0.0007145,77
dot,936,6.0e-7,27
matrix_vector_mult,936,0.0007179,77
dot,936,5.99e-7,27
matrix_vector_mult,936,0.000869401,77
dot,936,2.3e-6,27
matrix_vector_mult,936,0.000804801,77
dot,936,8.99e-7,27
matrix_vector_mult,936,0.000792,77
dot,936,6.99e-7,27
matrix_vector_mult,936,0.0007402,77
dot,936,8.0e-7,27
matrix_vector_mult,936,0.0007947,77
dot,936,8.0e-7,27
matrix_vector_mult,936,0.000717,77
dot,936,6.01e-7,27
matrix_vector_mult,936,0.0007485,77
dot,623,6.0e-7,28
matrix_vector_mult,623,0.0003491,78
dot,623,5.01e-7,28
matrix_vector_mult,623,0.0003603,78
dot,623,5.0e-7,28
matrix_vector_mult,623,0.0003435,78
dot,623,1.401e-6,28
matrix_vector_mult,623,0.0005205,78
dot,623,5.0e-7,28
matrix_vector_mult,623,0.0003844,78
dot,623,5.0e-7,28
matrix_vector_mult,623,0.000415999,78
dot,623,6.0e-7,28
matrix_vector_mult,623,0.0003638,78
dot,623,3.0e-7,28
matrix_vector_mult,623,0.0003757,78
dot,623,8.01e-7,28
matrix_vector_mult,623,0.000372199,78
dot,623,5.01e-7,28
matrix_vector_mult,623,0.000345701,78
dot,521,4.0e-7,29
matrix_vector_mult,521,0.0003385,79
dot,521,6.0e-7,29
matrix_vector_mult,521,0.0002815,79
dot,521,5.0e-7,29
matrix_vector_mult,521,0.000254999,79
dot,521,2.47e-5,29
matrix_vector_mult,521,0.0003912,79
dot,521,3.99e-7,29
matrix_vector_mult,521,0.000322,79
dot,521,4.99e-7,29
matrix_vector_mult,521,0.0003272,79
dot,521,5.01e-7,29
matrix_vector_mult,521,0.0002481,79
dot,521,4.0e-7,29
matrix_vector_mult,521,0.0002814,79
dot,521,4.99e-7,29
matrix_vector_mult,521,0.0002664,79
dot,521,5.0e-7,29
matrix_vector_mult,521,0.0003706,79
dot,164,4.0e-7,30
matrix_vector_mult,164,0.000311,80
dot,164,4.01e-7,30
matrix_vector_mult,164,0.0002138,80
dot,164,4.0e-7,30
matrix_vector_mult,164,0.000282301,80
dot,164,4.0e-7,30
matrix_vector_mult,164,0.0002824,80
dot,164,4.0e-7,30
matrix_vector_mult,164,0.0002245,80
dot,164,3.0e-7,30
matrix_vector_mult,164,0.0002577,80
dot,164,5.0e-7,30
matrix_vector_mult,164,0.000319,80
dot,164,3.0e-7,30
matrix_vector_mult,164,0.000130601,80
dot,164,3.0e-7,30
matrix_vector_mult,164,0.000192,80
dot,164,3.0e-7,30
matrix_vector_mult,164,0.000271499,80
dot,577,5.0e-7,31
matrix_vector_mult,577,0.000326499,81
dot,577,1.3e-6,31
matrix_vector_mult,577,0.000401599,81
dot,577,6.0e-7,31
matrix_vector_mult,577,0.000365899,81
dot,577,1.499e-6,31
matrix_vector_mult,577,0.0002964,81
dot,577,6.99e-7,31
matrix_vector_mult,577,0.000331099,81
dot,577,7.99e-7,31
matrix_vector_mult,577,0.0002758,81
dot,577,5.01e-7,31
matrix_vector_mult,577,0.000310299,81
dot,577,5.0e-7,31
matrix_vector_mult,577,0.000311599,81
dot,577,4.0e-7,31
matrix_vector_mult,577,0.0003514,81
dot,577,7.99e-7,31
matrix_vector_mult,577,0.0003409,81
dot,519,5.0e-7,32
matrix_vector_mult,519,0.00023,82
dot,519,4.0e-7,32
matrix_vector_mult,519,0.0003673,82
dot,519,5.0e-7,32
matrix_vector_mult,519,0.0003122,82
dot,519,3.0e-7,32
matrix_vector_mult,519,0.000290599,82
dot,519,6.0e-7,32
matrix_vector_mult,519,0.0003231,82
dot,519,6.0e-7,32
matrix_vector_mult,519,0.000315699,82
dot,519,5.0e-7,32
matrix_vector_mult,519,0.0003129,82
dot,519,5.0e-7,32
matrix_vector_mult,519,0.0002889,82
dot,519,5.0e-7,32
matrix_vector_mult,519,0.000291,82
dot,519,4.0e-7,32
matrix_vector_mult,519,0.0003019,82
dot,149,5.0e-7,33
matrix_vector_mult,149,0.000275401,83
dot,149,5.01e-7,33
matrix_vector_mult,149,0.0002584,83
dot,149,4.01e-7,33
matrix_vector_mult,149,0.0002792,83
dot,149,3.99e-7,33
matrix_vector_mult,149,0.000264899,83
dot,149,5.0e-7,33
matrix_vector_mult,149,0.0002497,83
dot,149,4.99e-7,33
matrix_vector_mult,149,0.0002411,83
dot,149,4.0e-7,33
matrix_vector_mult,149,0.0002245,83
dot,149,3.99e-7,33
matrix_vector_mult,149,0.000199299,83
dot,149,4.0e-7,33
matrix_vector_mult,149,0.0001033,83
dot,149,3.0e-7,33
matrix_vector_mult,149,7.63e-5,83
dot,713,1.4e-6,34
matrix_vector_mult,713,0.0006774,84
dot,713,1.1e-6,34
matrix_vector_mult,713,0.000524501,84
dot,713,9.01e-7,34
matrix_vector_mult,713,0.0004645,84
dot,713,8.99e-7,34
matrix_vector_mult,713,0.0004534,84
dot,713,6.0e-7,34
matrix_vector_mult,713,0.0004661,84
dot,713,7.0e-7,34
matrix_vector_mult,713,0.000444,84
dot,713,6.0e-7,34
matrix_vector_mult,713,0.000545501,84
dot,713,7.0e-7,34
matrix_vector_mult,713,0.000417201,84
dot,713,6.0e-7,34
matrix_vector_mult,713,0.0004541,84
dot,713,7.0e-7,34
matrix_vector_mult,713,0.0004391,84
dot,798,9.0e-7,35
matrix_vector_mult,798,0.000560401,85
dot,798,1.4e-6,35
matrix_vector_mult,798,0.0007173,85
dot,798,3.99e-7,35
matrix_vector_mult,798,0.0005954,85
dot,798,7.0e-7,35
matrix_vector_mult,798,0.0005392,85
dot,798,5.0e-7,35
matrix_vector_mult,798,0.000681,85
dot,798,5.01e-7,35
matrix_vector_mult,798,0.000553799,85
dot,798,7.0e-7,35
matrix_vector_mult,798,0.0005496,85
dot,798,5.01e-7,35
matrix_vector_mult,798,0.0005412,85
dot,798,5.99e-7,35
matrix_vector_mult,798,0.0006495,85
dot,798,8.0e-7,35
matrix_vector_mult,798,0.000678,85
dot,868,1.8e-6,36
matrix_vector_mult,868,0.0007959,86
dot,868,6.0e-7,36
matrix_vector_mult,868,0.000644101,86
dot,868,8.01e-7,36
matrix_vector_mult,868,0.000656,86
dot,868,6.01e-7,36
matrix_vector_mult,868,0.0007073,86
dot,868,7.0e-7,36
matrix_vector_mult,868,0.000622201,86
dot,868,5.0e-7,36
matrix_vector_mult,868,0.0006474,86
dot,868,5.0e-7,36
matrix_vector_mult,868,0.000690699,86
dot,868,1.0e-6,36
matrix_vector_mult,868,0.000642199,86
dot,868,1.7e-6,36
matrix_vector_mult,868,0.0008641,86
dot,868,7.0e-7,36
matrix_vector_mult,868,0.0006527,86
dot,755,6.0e-7,37
matrix_vector_mult,755,0.000507199,87
dot,755,3.99e-7,37
matrix_vector_mult,755,0.0006931,87
dot,755,2.4e-6,37
matrix_vector_mult,755,0.0005129,87
dot,755,6.01e-7,37
matrix_vector_mult,755,0.0005061,87
dot,755,6.01e-7,37
matrix_vector_mult,755,0.000510699,87
dot,755,7.0e-7,37
matrix_vector_mult,755,0.0005944,87
dot,755,1.099e-6,37
matrix_vector_mult,755,0.000592799,87
dot,755,6.0e-7,37
matrix_vector_mult,755,0.0005367,87
dot,755,1.7e-6,37
matrix_vector_mult,755,0.0005916,87
dot,755,5.99e-7,37
matrix_vector_mult,755,0.0006068,87
dot,238,4.0e-7,38
matrix_vector_mult,238,0.000365499,88
dot,238,3.99e-7,38
matrix_vector_mult,238,0.0003285,88
dot,238,3.0e-7,38
matrix_vector_mult,238,0.0003025,88
dot,238,3.0e-7,38
matrix_vector_mult,238,0.000317201,88
dot,238,4.01e-7,38
matrix_vector_mult,238,0.000311901,88
dot,238,3.0e-7,38
matrix_vector_mult,238,0.0003274,88
dot,238,3.0e-7,38
matrix_vector_mult,238,0.0003027,88
dot,238,4.0e-7,38
matrix_vector_mult,238,8.6899e-5,88
dot,238,4.0e-7,38
matrix_vector_mult,238,0.000217499,88
dot,238,4.0e-7,38
matrix_vector_mult,238,0.000186199,88
dot,744,5.99e-7,39
matrix_vector_mult,744,0.000524601,89
dot,744,4.0e-7,39
matrix_vector_mult,744,0.000497201,89
dot,744,1.0e-6,39
matrix_vector_mult,744,0.0004881,89
dot,744,7.0e-7,39
matrix_vector_mult,744,0.0004857,89
dot,744,5.01e-7,39
matrix_vector_mult,744,0.000485301,89
dot,744,4.99e-7,39
matrix_vector_mult,744,0.0005314,89
dot,744,9.0e-7,39
matrix_vector_mult,744,0.000466701,89
dot,744,1.0e-6,39
matrix_vector_mult,744,0.0005245,89
dot,744,1.499e-6,39
matrix_vector_mult,744,0.0006989,89
dot,744,7.0e-7,39
matrix_vector_mult,744,0.000511501,89
dot,755,6.0e-7,40
matrix_vector_mult,755,0.000540401,90
dot,755,5.0e-7,40
matrix_vector_mult,755,0.000525,90
dot,755,1.0e-6,40
matrix_vector_mult,755,0.000524001,90
dot,755,1.1e-6,40
matrix_vector_mult,755,0.000515399,90
dot,755,6.0e-7,40
matrix_vector_mult,755,0.0005101,90
dot,755,5.0e-7,40
matrix_vector_mult,755,0.0005583,90
dot,755,7.01e-7,40
matrix_vector_mult,755,0.000709201,90
dot,755,6.0e-7,40
matrix_vector_mult,755,0.00052,90
dot,755,8.0e-7,40
matrix_vector_mult,755,0.0005263,90
dot,755,1.601e-6,40
matrix_vector_mult,755,0.0006321,90
dot,120,3.01e-7,41
matrix_vector_mult,120,0.000119999,91
dot,120,3.99e-7,41
matrix_vector_mult,120,0.0001182,91
dot,120,4.0e-7,41
matrix_vector_mult,120,0.000111999,91
dot,120,3.0e-7,41
matrix_vector_mult,120,0.0001125,91
dot,120,4.0e-7,41
matrix_vector_mult,120,0.0001101,91
dot,120,4.0e-7,41
matrix_vector_mult,120,0.0001079,91
dot,120,3.0e-7,41
matrix_vector_mult,120,0.0001177,91
dot,120,3.0e-7,41
matrix_vector_mult,120,0.000111101,91
dot,120,3.0e-7,41
matrix_vector_mult,120,0.0001616,91
dot,120,4.0e-7,41
matrix_vector_mult,120,7.7799e-5,91
dot,209,3.0e-7,42
matrix_vector_mult,209,0.0001648,92
dot,209,3.99e-7,42
matrix_vector_mult,209,0.0001486,92
dot,209,4.0e-7,42
matrix_vector_mult,209,0.000287,92
dot,209,3.0e-7,42
matrix_vector_mult,209,0.0001439,92
dot,209,3.99e-7,42
matrix_vector_mult,209,0.000152501,92
dot,209,2.99e-7,42
matrix_vector_mult,209,0.0001164,92
dot,209,3.0e-7,42
matrix_vector_mult,209,0.000148101,92
dot,209,3.99e-7,42
matrix_vector_mult,209,7.7001e-5,92
dot,209,3.0e-7,42
matrix_vector_mult,209,0.0001284,92
dot,209,3.0e-7,42
matrix_vector_mult,209,8.12e-5,92
dot,797,4.0e-7,43
matrix_vector_mult,797,0.000642399,93
dot,797,6.0e-7,43
matrix_vector_mult,797,0.0005208,93
dot,797,7.01e-7,43
matrix_vector_mult,797,0.0005297,93
dot,797,7.0e-7,43
matrix_vector_mult,797,0.0006031,93
dot,797,6.01e-7,43
matrix_vector_mult,797,0.0005208,93
dot,797,6.0e-7,43
matrix_vector_mult,797,0.0005665,93
dot,797,5.99e-7,43
matrix_vector_mult,797,0.000582801,93
dot,797,8.99e-7,43
matrix_vector_mult,797,0.000532901,93
dot,797,1.501e-6,43
matrix_vector_mult,797,0.0007082,93
dot,797,7.0e-7,43
matrix_vector_mult,797,0.0005484,93
dot,819,6.0e-7,44
matrix_vector_mult,819,0.0005636,94
dot,819,4.0e-7,44
matrix_vector_mult,819,0.0005763,94
dot,819,8.99e-7,44
matrix_vector_mult,819,0.000578099,94
dot,819,6.0e-7,44
matrix_vector_mult,819,0.000637199,94
dot,819,6.01e-7,44
matrix_vector_mult,819,0.000599,94
dot,819,1.0e-6,44
matrix_vector_mult,819,0.0006086,94
dot,819,5.99e-7,44
matrix_vector_mult,819,0.000592699,94
dot,819,1.399e-6,44
matrix_vector_mult,819,0.000685299,94
dot,819,7.01e-7,44
matrix_vector_mult,819,0.0006084,94
dot,819,4.0e-7,44
matrix_vector_mult,819,0.000636,94
dot,70,3.0e-7,45
matrix_vector_mult,70,1.4e-6,95
dot,70,1.0e-7,45
matrix_vector_mult,70,1.1e-6,95
dot,70,0.0,45
matrix_vector_mult,70,1.1e-6,95
dot,70,1.0e-7,45
matrix_vector_mult,70,9.0e-7,95
dot,70,9.9e-8,45
matrix_vector_mult,70,9.0e-7,95
dot,70,1.01e-7,45
matrix_vector_mult,70,1.0e-6,95
dot,70,1.0e-7,45
matrix_vector_mult,70,9.0e-7,95
dot,70,0.0,45
matrix_vector_mult,70,1.0e-6,95
dot,70,0.0,45
matrix_vector_mult,70,1.0e-6,95
dot,70,0.0,45
matrix_vector_mult,70,8.01e-7,95
dot,134,1.0e-7,46
matrix_vector_mult,134,0.000434599,96
dot,134,3.0e-7,46
matrix_vector_mult,134,0.000405399,96
dot,134,3.0e-7,46
matrix_vector_mult,134,0.000249599,96
dot,134,3.99e-7,46
matrix_vector_mult,134,0.0004414,96
dot,134,5.01e-7,46
matrix_vector_mult,134,0.000687699,96
dot,134,4.01e-7,46
matrix_vector_mult,134,0.0002752,96
dot,134,4.0e-7,46
matrix_vector_mult,134,0.0001429,96
dot,134,3.0e-7,46
matrix_vector_mult,134,9.9301e-5,96
dot,134,2.99e-7,46
matrix_vector_mult,134,0.0001128,96
dot,134,3.0e-7,46
matrix_vector_mult,134,0.0001758,96
dot,68,3.99e-7,47
matrix_vector_mult,68,1.199e-6,97
dot,68,1.0e-7,47
matrix_vector_mult,68,7.99e-7,97
dot,68,1.0e-7,47
matrix_vector_mult,68,6.0e-7,97
dot,68,9.9e-8,47
matrix_vector_mult,68,6.01e-7,97
dot,68,1.01e-7,47
matrix_vector_mult,68,7.0e-7,97
dot,68,0.0,47
matrix_vector_mult,68,7.0e-7,97
dot,68,1.0e-7,47
matrix_vector_mult,68,7.0e-7,97
dot,68,0.0,47
matrix_vector_mult,68,7.0e-7,97
dot,68,0.0,47
matrix_vector_mult,68,8.01e-7,97
dot,68,1.01e-7,47
matrix_vector_mult,68,6.0e-7,97
dot,81,1.01e-7,48
matrix_vector_mult,81,1.2e-6,98
dot,81,1.0e-7,48
matrix_vector_mult,81,1.1e-6,98
dot,81,0.0,48
matrix_vector_mult,81,1.0e-6,98
dot,81,1.0e-7,48
matrix_vector_mult,81,1.3e-6,98
dot,81,1.01e-7,48
matrix_vector_mult,81,1.1e-6,98
dot,81,0.0,48
matrix_vector_mult,81,1.0e-6,98
dot,81,0.0,48
matrix_vector_mult,81,1.0e-6,98
dot,81,9.9e-8,48
matrix_vector_mult,81,1.5e-6,98
dot,81,1.0e-7,48
matrix_vector_mult,81,1.1e-6,98
dot,81,0.0,48
matrix_vector_mult,81,1.199e-6,98
dot,508,2.0e-7,49
matrix_vector_mult,508,0.0002485,99
dot,508,5.01e-7,49
matrix_vector_mult,508,0.0002343,99
dot,508,4.99e-7,49
matrix_vector_mult,508,0.0002419,99
dot,508,4.0e-7,49
matrix_vector_mult,508,0.0003008,99
dot,508,6.01e-7,49
matrix_vector_mult,508,0.0003249,99
dot,508,4.99e-7,49
matrix_vector_mult,508,0.000333399,99
dot,508,8.0e-7,49
matrix_vector_mult,508,0.0002621,99
dot,508,5.01e-7,49
matrix_vector_mult,508,0.0003454,99
dot,508,3.0e-7,49
matrix_vector_mult,508,0.0002624,99
dot,508,5.0e-7,49
matrix_vector_mult,508,0.0003183,99
dot,494,6.0e-7,50
matrix_vector_mult,494,0.000332699,100
dot,494,5.0e-7,50
matrix_vector_mult,494,0.00033,100
dot,494,4.0e-7,50
matrix_vector_mult,494,0.0003321,100
dot,494,4.0e-7,50
matrix_vector_mult,494,0.000314601,100
dot,494,5.01e-7,50
matrix_vector_mult,494,0.0003053,100
dot,494,1.099e-6,50
matrix_vector_mult,494,0.000303999,100
dot,494,6.0e-7,50
matrix_vector_mult,494,0.0002351,100
dot,494,5.99e-7,50
matrix_vector_mult,494,0.000339299,100
dot,494,1.2e-6,50
matrix_vector_mult,494,0.000355801,100
dot,494,3.99e-7,50
matrix_vector_mult,494,0.0002325,100
